Item,TVA,Prix,Catégorie,Fondation:POINTS;
Coca-cola (33cl),5.5,300,Soft,NG:Bar des sports:Bar de l'Île:Bar NG:Bar espace VIP:Bar loges VIP:Bar la source
Perrier (33cl),5.5,300,Soft,NG:Bar des sports:Bar de l'Île:Bar NG:Bar espace VIP:Bar loges VIP:Bar la source
Orangina (33cl),5.5,300,Soft,NG:Bar des sports:Bar de l'Île:Bar NG:Bar espace VIP:Bar loges VIP:Bar la source
Jus de Pomme (33cl),5.5,300,Soft,NG:Bar des sports:Bar de l'Île:Bar NG:Bar espace VIP:Bar loges VIP:Bar la source
Ice Tea (33cl),5.5,300,Soft,NG:Bar des sports:Bar de l'Île:Bar NG:Bar espace VIP:Bar loges VIP:Bar la source
Red Bull (25cl),5.5,400,Soft,NG:Bar des sports:Bar de l'Île:Bar NG:Bar espace VIP:Bar loges VIP:Bar la source
Eau (50cl),5.5,150,Soft,NG:Bar des sports:Bar de l'Île:Bar NG:Bar espace VIP:Bar loges VIP:Bar la source
Eau (1L),5.5,250,Soft,NG:Bar des sports:Bar de l'Île:Bar NG:Bar espace VIP:Bar loges VIP:Bar la source
Café,5.5,100,Soft,NG:Bar de l'Île:Bar espace VIP
Carlsberg (25cl),20,350,Boisson alcoolisée,NG:Bar des sports:Bar de l'Île:Bar NG:Bar espace VIP:Bar loges VIP:Bar la source
Carlsberg (50cl),20,650,Boisson alcoolisée,NG:Bar des sports:Bar de l'Île:Bar NG:Bar espace VIP:Bar loges VIP:Bar la source
1664 (25cl),20,400,Boisson alcoolisée,NG:Bar des sports:Bar de l'Île:Bar NG:Bar espace VIP:Bar loges VIP:Bar la source
1664 (50cl),20,750,Boisson alcoolisée,NG:Bar des sports:Bar de l'Île:Bar NG:Bar espace VIP:Bar loges VIP:Bar la source
Skoll (25cl),20,400,Boisson alcoolisée,NG:Bar des sports:Bar de l'Île:Bar NG:Bar espace VIP:Bar loges VIP:Bar la source
Skoll (50cl),20,750,Boisson alcoolisée,NG:Bar des sports:Bar de l'Île:Bar NG:Bar espace VIP:Bar loges VIP:Bar la source
Bouteille de Champagne,20,6000,Boisson alcoolisée,NG:Bar de l'Île:Bar espace VIP:Bar loges VIP
Verre de vin (25cl),20,300,Boisson alcoolisée,NG:Bar des sports:Bar de l'Île:Bar NG:Bar espace VIP:Bar loges VIP:Bar la source
Bouteille de vin (75cl),20,2000,Boisson alcoolisée,NG:Bar des sports:Bar de l'Île:Bar NG:Bar espace VIP:Bar loges VIP:Bar la source
Magnum,20,3000,Boisson alcoolisée,NG:Bar espace VIP
T-shirt classic,20,1800,Shop NG,NG:Shop NG
T-shirt ancien,20,1000,Shop NG,NG:Shop NG
T-shirt enfant,20,1000,Shop NG,NG:Shop NG
Sweat-shirt,20,4500,Shop NG,NG:Shop NG
Robe,20,1000,Shop NG,NG:Shop NG
Casquette,20,2000,Shop NG,NG:Shop NG
Tote-bag 2016,20,400,Shop NG,NG:Shop NG
Tote-bag 2017,20,500,Shop NG,NG:Shop NG
Tote-bag NG,20,500,Shop NG,NG:Shop NG
Sac,20,400,Shop NG,NG:Shop NG
Gourde,20,1500,Shop NG,NG:Shop NG
Freesbee,20,500,Shop NG,NG:Shop NG
Lanyard,20,300,Shop NG,NG:Shop NG
Burger boeuf,5.5,850,A bon Porc,A bon Porc:A bon Porc
Burger poulet,5.5,750,A bon Porc,A bon Porc:A bon Porc
Burger végé,5.5,850,A bon Porc,A bon Porc:A bon Porc
Frites,5.5,250,A bon Porc,A bon Porc:A bon Porc
Muffin,5.5,300,A bon Porc,A bon Porc:A bon Porc
Cake,5.5,300,A bon Porc,A bon Porc:A bon Porc
Glace,5.5,300,A bon Porc,A bon Porc:A bon Porc
Burger boeuf,5.5,850,Big Kahuna,Big Kahuna:Big Kahuna
Burger poulet,5.5,750,Big Kahuna,Big Kahuna:Big Kahuna
Burger végé,5.5,850,Big Kahuna,Big Kahuna:Big Kahuna
Frites,5.5,250,Big Kahuna,Big Kahuna:Big Kahuna
Muffin,5.5,300,Big Kahuna,Big Kahuna:Big Kahuna
Cake,5.5,300,Big Kahuna,Big Kahuna:Big Kahuna
Glace,5.5,300,Big Kahuna,Big Kahuna:Big Kahuna
Assiette Indienne (tholi),0,1000,Kaba Nature,Kaba Nature:Kaba Nature
Couscous du Sultan ,0,850,Kaba Nature,Kaba Nature:Kaba Nature
Wraps libanais,0,650,Kaba Nature,Kaba Nature:Kaba Nature
Baji - Pakora,0,450,Kaba Nature,Kaba Nature:Kaba Nature
Supplément Falafels ,0,250,Kaba Nature,Kaba Nature:Kaba Nature
Patisserie orientale ,0,350,Kaba Nature,Kaba Nature:Kaba Nature
Crèpe sucre,0,300,Kaba Nature,Kaba Nature:Kaba Nature
Crêpe sucre - citron,0,350,Kaba Nature,Kaba Nature:Kaba Nature
Crêpe confiture ,0,350,Kaba Nature,Kaba Nature:Kaba Nature
Crêpe chocolat ,0,400,Kaba Nature,Kaba Nature:Kaba Nature
Crêpe caramel beurre salé ,0,400,Kaba Nature,Kaba Nature:Kaba Nature
Crêpe crême de marron,0,400,Kaba Nature,Kaba Nature:Kaba Nature
Burger,20,500,Som Football,Som Football:Som Football
Frites,20,200,Som Football,Som Football:Som Football
Cerises,20,200,Som Football,Som Football:Som Football
Croque monsieur,20,400,Som Rugby ,Som Rugby:Som Rugby
Americain,20,500,Som Rugby ,Som Rugby:Som Rugby
Frites,20,200,Som Rugby ,Som Rugby:Som Rugby
Crèpes,20,200,Som Rugby ,Som Rugby:Som Rugby
Granitti,20,200,Som Rugby ,Som Rugby:Som Rugby
pasta box normal ,0,600,Bonhomme français,Bonhomme français:Bonhomme français
pasta box maxi ,0,800,Bonhomme français,Bonhomme français:Bonhomme français
patisseries 1,0,200,Bonhomme français,Bonhomme français:Bonhomme français
patisseries 2,0,250,Bonhomme français,Bonhomme français:Bonhomme français
crêpe berbere miel ,0,300,Bonhomme français,Bonhomme français:Bonhomme français
crêpe berber salé ,0,400,Bonhomme français,Bonhomme français:Bonhomme français
Menu Need Power,0,12000,Dalle d'artistes,Dalle d'artistes:Dalle d'artistes
Burger l'Aubrac ,10,850,Pôelle de carotte,Pôelle de carotte:Pôelle de carotte
Burger le Larzac ,10,850,Pôelle de carotte,Pôelle de carotte:Pôelle de carotte
Burger l'Aveyronnais ,10,850,Pôelle de carotte,Pôelle de carotte:Pôelle de carotte
Burger le Végétarien ,10,800,Pôelle de carotte,Pôelle de carotte:Pôelle de carotte
Burger le Pitchou ,10,600,Pôelle de carotte,Pôelle de carotte:Pôelle de carotte
Frites,10,250,Pôelle de carotte,Pôelle de carotte:Pôelle de carotte
Supplément fromage,10,150,Pôelle de carotte,Pôelle de carotte:Pôelle de carotte
Supplément Divers,10,100,Pôelle de carotte,Pôelle de carotte:Pôelle de carotte
Aligot Saucisse,0,800,Saveur d'Aubrac,Saveur d'Aubrac:Saveur d'Aubrac
Aligot seul,0,600,Saveur d'Aubrac,Saveur d'Aubrac:Saveur d'Aubrac
5x Churros,0,500,Fabrizio,Fabrizio:Fabrizio
10x Churros,0,1000,Fabrizio,Fabrizio:Fabrizio
15x Churros,0,1500,Fabrizio,Fabrizio:Fabrizio
Crèpe,0,400,Fabrizio,Fabrizio:Fabrizio
Gauffre,0,400,Fabrizio,Fabrizio:Fabrizio
Petite glace,0,300,Fabrizio,Fabrizio:Fabrizio
Moyenne glace,0,500,Fabrizio,Fabrizio:Fabrizio
Grande glace,0,700,Fabrizio,Fabrizio:Fabrizio
Petit pot glace,0,300,Fabrizio,Fabrizio:Fabrizio
Garniture,0,100,Fabrizio,Fabrizio:Fabrizio
Pizza entière,0,900,Som Judo Karaté,Som Judo Karaté:Som Judo Karaté
3/4 Pizza,0,750,Som Judo Karaté,Som Judo Karaté:Som Judo Karaté
1/2 Pizza,0,500,Som Judo Karaté,Som Judo Karaté:Som Judo Karaté
1/4 Pizza,0,250,Som Judo Karaté,Som Judo Karaté:Som Judo Karaté
Ananas,0,300,Som Judo Karaté,Som Judo Karaté:Som Judo Karaté
Tulipe Texmex,10,1200,Texmex,Texmex:Texmex
Sandwich Texmex,10,800,Texmex,Texmex:Texmex
Wrap Texmex,10,600,Texmex,Texmex:Texmex
Tulipe végé,10,800,Texmex,Texmex:Texmex
Burger Soja,10,800,Texmex,Texmex:Texmex
Burger Steak,10,800,Texmex,Texmex:Texmex
Petite frite,10,300,Texmex,Texmex:Texmex
Moyenne frite,10,500,Texmex,Texmex:Texmex
Grande frite,10,600,Texmex,Texmex:Texmex
Burger,10,850,Sacrebleu,Sacrebleu:Sacrebleu
Frites,10,250,Sacrebleu,Sacrebleu:Sacrebleu
Tacos,10,800,Sacrebleu,Sacrebleu:Sacrebleu
Glace,10,300,Sacrebleu,Sacrebleu:Sacrebleu
Itasca,20,2500,Millet,Millet:Millet
Akna Wool,20,3500,Millet,Millet:Millet
LD Fritznoy,20,10500,Millet,Millet:Millet
Fritzroy,20,10500,Millet,Millet:Millet
Light Rush,20,10500,Millet,Millet:Millet
LD Light Rush,20,10500,Millet,Millet:Millet
Intense 15,20,9100,Millet,Millet:Millet
Intense 5,20,7000,Millet,Millet:Millet
Intense Belt ,20,4200,Millet,Millet:Millet
LTK TS SS ,20,2450,Millet,Millet:Millet
TLK SEAMLESS ,20,2100,Millet,Millet:Millet
LTK SEAMLESS ZIP ,20,2800,Millet,Millet:Millet
LTK Rush 2.5,20,14000,Millet,Millet:Millet
Venom 30,20,8400,Millet,Millet:Millet
1 Euro,0,100,Banana Therapy,Banana Therapy:Banana Therapy
5 Euros,0,500,Banana Therapy,Banana Therapy:Banana Therapy
10 Euros,0,1000,Banana Therapy,Banana Therapy:Banana Therapy
ORIGIN BAR SALE DIETE SPORT,20,200,Chullanka,Chullanka:Chullanka
BAR BLUEBERRY CRISP,20,200,Chullanka,Chullanka:Chullanka
BAR CRUNCHY PEANUT BUTTER,20,200,Chullanka,Chullanka:Chullanka
BAR WHITE CHOCOLATE MACADAMIA,20,200,Chullanka,Chullanka:Chullanka
BAR OATMEAL RAISIN WALNUT,20,200,Chullanka,Chullanka:Chullanka
BAR CHOCOLOTE CHIP,20,200,Chullanka,Chullanka:Chullanka
BAR CHOCOLATE ALMOND FUDGE,20,200,Chullanka,Chullanka:Chullanka
ORIGIN BAR CRAMBERRIES MYRTILLES,20,200,Chullanka,Chullanka:Chullanka
BARRE BIO SANS GLUT BANANE DATTES,20,200,Chullanka,Chullanka:Chullanka
AUTHENTIC BAR CHOCOLAT - CACAHUETE,20,200,Chullanka,Chullanka:Chullanka
AUTHENTIC BAR BANANE AMANDE,20,200,Chullanka,Chullanka:Chullanka
AUTHENTIC BAR FRUITS ROUGES,20,200,Chullanka,Chullanka:Chullanka
ORIGIN BAR SALEE,20,200,Chullanka,Chullanka:Chullanka
CHULLANKA BALLE ENTRAINEMENT ROUGE,20,299,Chullanka,Chullanka:Chullanka
CHULLANKA BALLE ENTRAINEMENT NOIRE,20,299,Chullanka,Chullanka:Chullanka
MAILLON RAPIDE STD 7MM ZINGUE,20,300,Chullanka,Chullanka:Chullanka
CHULLANKA SIFFLET 47MM ROUGE,20,300,Chullanka,Chullanka:Chullanka
BIDON TRANSPARENT 600ML CHULLANKA,20,300,Chullanka,Chullanka:Chullanka
SETS DE 3 CINTRES PLIABLES  18,20,300,Chullanka,Chullanka:Chullanka
SIFFLET ALU 47 MM ROUGE,20,300,Chullanka,Chullanka:Chullanka
SIFFLET ALU 47 MM VERT,20,300,Chullanka,Chullanka:Chullanka
CLIMB ON STICK A LEVRE,20,400,Chullanka,Chullanka:Chullanka
CHULLANKA MINI COUTEAU,20,400,Chullanka,Chullanka:Chullanka
FIXE  PORT,20,400,Chullanka,Chullanka:Chullanka
GAZ 230GR OPTIMUS,20,400,Chullanka,Chullanka:Chullanka
KIT COMPLET REPARATION CHAMBRE A AIR CHULLANKA,20,400,Chullanka,Chullanka:Chullanka
MOUSQUETON 8MM  VISSÃ‰E MUNKEES,20,400,Chullanka,Chullanka:Chullanka
PORTE CLÃ‰S COINCEUR MUNKEES,20,400,Chullanka,Chullanka:Chullanka
DECAPSULEUR POISSON MUNKEES,20,400,Chullanka,Chullanka:Chullanka
DECAPSULEUR STYLET ECRAN,20,400,Chullanka,Chullanka:Chullanka
DECAPSULEUR PIED MUNKEES,20,400,Chullanka,Chullanka:Chullanka
MOUSQUETON MINI COUTEAU,20,400,Chullanka,Chullanka:Chullanka
CHULLANKA SAC A CHAUSSON,20,500,Chullanka,Chullanka:Chullanka
MOUSQUETON 6*60  VISSE,20,500,Chullanka,Chullanka:Chullanka
SIFFLET COURT,20,500,Chullanka,Chullanka:Chullanka
MOUSQUETON 4*40 PLAT MUNKEES,20,500,Chullanka,Chullanka:Chullanka
MOUSQUTEON FORGE 75MM MUNKEES,20,500,Chullanka,Chullanka:Chullanka
MOUSQUETON COEUR MUNKEES,20,500,Chullanka,Chullanka:Chullanka
PORTE CLÃ‰ LAMPE BOUSS THERM MU,20,500,Chullanka,Chullanka:Chullanka
DECAPSULEUR LEZARD MUNKEES,20,500,Chullanka,Chullanka:Chullanka
MOUSQUETON DECAPSULEUR LAMPE MUNKEES,20,500,Chullanka,Chullanka:Chullanka
SIFFLET FIN ALU 70MM MUNKEES,20,500,Chullanka,Chullanka:Chullanka
DECAPSULEUR PIC Ã€ GLACE MUNKEE,20,500,Chullanka,Chullanka:Chullanka
SNOWBOARDER MUNKEES,20,500,Chullanka,Chullanka:Chullanka
MOUSQ EN ACIER INOX,20,500,Chullanka,Chullanka:Chullanka
GRIMPEUR MUNKEES,20,500,Chullanka,Chullanka:Chullanka
MOUSQUETON BOUSSOLE THERMO MUNKEES,20,500,Chullanka,Chullanka:Chullanka
MOUSQUETON FORGE 60 MM,20,500,Chullanka,Chullanka:Chullanka
SIFFLET LONG,20,500,Chullanka,Chullanka:Chullanka
MOUSQUETON LAMPE MUNKEES,20,500,Chullanka,Chullanka:Chullanka
PORTE CLE PARACORD MUNKEES,20,500,Chullanka,Chullanka:Chullanka
SKIEUR MUNKEES,20,500,Chullanka,Chullanka:Chullanka
PORTE CLÃ‰S CAPSULE WP MUNKEES,20,500,Chullanka,Chullanka:Chullanka
MOUSQUTEON FORGE S MUNKEES,20,500,Chullanka,Chullanka:Chullanka
PORTE SERVIETTE MAMMOTH 4KG 18,20,500,Chullanka,Chullanka:Chullanka
MOUSQUETON 8MM LANYARD MUNKEES,20,500,Chullanka,Chullanka:Chullanka
DECAPSULEUR BIKER MUNKEES,20,500,Chullanka,Chullanka:Chullanka
ETUI A LUNETTES EN NEOPRENE,20,500,Chullanka,Chullanka:Chullanka
I-BBZ  BROSSE FRIXION,20,600,Chullanka,Chullanka:Chullanka
COMPLET TOOL 6 FONCTION CHULLANKA,20,600,Chullanka,Chullanka:Chullanka
BTLE SILICONE SPLASH VERT  98ML 18,20,600,Chullanka,Chullanka:Chullanka
BTLE SILICONE SPLASH BLANC 98ML 18,20,600,Chullanka,Chullanka:Chullanka
BTLE SILICONE SPLASH BLEU  98ML 18,20,600,Chullanka,Chullanka:Chullanka
MOUSQUETON ACIER,20,600,Chullanka,Chullanka:Chullanka
BARRE NOUGAT BIO,20,600,Chullanka,Chullanka:Chullanka
MUG ACIER DOUBLE CHULLANKA,20,600,Chullanka,Chullanka:Chullanka
SCALATA SPORT TAPE BLANC,20,700,Chullanka,Chullanka:Chullanka
SCALATA SPORT TAPE JAUNE,20,700,Chullanka,Chullanka:Chullanka
SCALATA SPORT TAPE BLEU,20,700,Chullanka,Chullanka:Chullanka
SCALATA SPORT TAPE NOIR,20,700,Chullanka,Chullanka:Chullanka
SCALATA SPORT TAPE BLANC,20,700,Chullanka,Chullanka:Chullanka
DECAPSULEUR FLOCON DE NEIGE,20,700,Chullanka,Chullanka:Chullanka
BEAL DYNALOOP 60CM,20,800,Chullanka,Chullanka:Chullanka
CHULLANKA PILE RECHERGEABLE AA,20,800,Chullanka,Chullanka:Chullanka
TASSE DOUBLE PAROI EXPRESSO GSI18,20,800,Chullanka,Chullanka:Chullanka
NANOLITE TRUE,20,800,Chullanka,Chullanka:Chullanka
LASERLITE TRUE,20,800,Chullanka,Chullanka:Chullanka
MOUSQUETON PARACORD MUNKEES,20,800,Chullanka,Chullanka:Chullanka
BRACELET PARACORD MUNKEES,20,800,Chullanka,Chullanka:Chullanka
KEYRING SYSTEM TRUE,20,800,Chullanka,Chullanka:Chullanka
TINY TORCH TRUE,20,800,Chullanka,Chullanka:Chullanka
2 GANTS MICROFIBRE SAMOS 18,20,800,Chullanka,Chullanka:Chullanka
CASHSTASH BLK TRUE,20,800,Chullanka,Chullanka:Chullanka
CASHSTASH GRIS TRUE,20,800,Chullanka,Chullanka:Chullanka
POMMADE NOK AKILEINE,20,800,Chullanka,Chullanka:Chullanka
CLIMB ON EXTRA HOT 10 ML,20,900,Chullanka,Chullanka:Chullanka
FIXE  PENDENTIF L,20,900,Chullanka,Chullanka:Chullanka
I-BBZ  BROSSE FRIXION +,20,900,Chullanka,Chullanka:Chullanka
CAMP  MAGNESIE POUDRE 300G,20,900,Chullanka,Chullanka:Chullanka
POCHETTE 2 P 11.2 X 18.4 CM,20,900,Chullanka,Chullanka:Chullanka
REPAR ZIP NOIR TAILLE L,20,900,Chullanka,Chullanka:Chullanka
SKELETON KNIFE TRUE,20,900,Chullanka,Chullanka:Chullanka
REPAR ZIP NOIR TAILLE M,20,900,Chullanka,Chullanka:Chullanka
FIRESTASH TRUE,20,900,Chullanka,Chullanka:Chullanka
CLIP STICK,20,900,Chullanka,Chullanka:Chullanka
PORTE CLES CHARGEUR USB,20,900,Chullanka,Chullanka:Chullanka
MICRO USB BLK TRUE,20,900,Chullanka,Chullanka:Chullanka
RASOIR DE VOYAGE SPHYNX  18,20,900,Chullanka,Chullanka:Chullanka
MINI FLASQUE ACIER 30 ML,20,900,Chullanka,Chullanka:Chullanka
PILES RECHARGEABLES LR06/AA SORBO X2,20,900,Chullanka,Chullanka:Chullanka
POMMADE TANO AKILEINE,20,900,Chullanka,Chullanka:Chullanka
CHULLANKA SAC A MAGNESIE,20,1000,Chullanka,Chullanka:Chullanka
CRIMP OIL ORIGINAL 10ML,20,1000,Chullanka,Chullanka:Chullanka
BEAL JAMMY 50CM,20,1000,Chullanka,Chullanka:Chullanka
CHULLANKA SERVIETTE BOUCLETTE FRAMBOISE M,20,1000,Chullanka,Chullanka:Chullanka
CHULLANKA SERVIETTE BOUCLETTE VERTE M,20,1000,Chullanka,Chullanka:Chullanka
CHULLANKA SERVIETTE BOUCLETTE FUSCHIA M,20,1000,Chullanka,Chullanka:Chullanka
FRENDO BATTERIE POWER BANK 4000,20,1000,Chullanka,Chullanka:Chullanka
FIXE  PENDENTIF PLAQUETTE,20,1000,Chullanka,Chullanka:Chullanka
BEAL  DEGAINE ZEST 11CM,20,1000,Chullanka,Chullanka:Chullanka
COUVERT AMOVIBLE CHULLANKA,20,1000,Chullanka,Chullanka:Chullanka
SAC A DOS FOLD NOIR 12L CHULLANKA,20,1000,Chullanka,Chullanka:Chullanka
SAC A DOS FOLD ROUGE 12L CHULLANKA,20,1000,Chullanka,Chullanka:Chullanka
MINI FLASQUE ACIER 30ML CHULLANKA,20,1000,Chullanka,Chullanka:Chullanka
BRIQUET SOLAIRE SUNCASE VERT,20,1000,Chullanka,Chullanka:Chullanka
BEAL DYNALOOP 120CM,20,1100,Chullanka,Chullanka:Chullanka
BEAL JAMMY 60CM,20,1100,Chullanka,Chullanka:Chullanka
CADENAS TSA,20,1100,Chullanka,Chullanka:Chullanka
OUTIL MULTIFONCTIONS 1,20,1100,Chullanka,Chullanka:Chullanka
BEAL DYNALOOP 150CM,20,1200,Chullanka,Chullanka:Chullanka
CLIMBING TECHNOLOGY DEGAINE LIME S 12CM,20,1200,Chullanka,Chullanka:Chullanka
CHULLANKA SERVIETTE MICROFIBRE FRAMBOISE L,20,1200,Chullanka,Chullanka:Chullanka
CHULLANKA SERVIETTE MICROFIBRE VERTE L,20,1200,Chullanka,Chullanka:Chullanka
CHULLANKA SERVIETTE MICROFIBRE FUSCHIA L,20,1200,Chullanka,Chullanka:Chullanka
CLIP MULTI,20,1200,Chullanka,Chullanka:Chullanka
MINI MULTI,20,1200,Chullanka,Chullanka:Chullanka
SCARAB TRUE,20,1200,Chullanka,Chullanka:Chullanka
SIDELITE,20,1200,Chullanka,Chullanka:Chullanka
AMWEAR ROLLER BALL,20,1299,Chullanka,Chullanka:Chullanka
PETZL SAC A MAGNESIE BANDI BLEU,20,1300,Chullanka,Chullanka:Chullanka
PETZL SAC A MAGNESIE BANDI BLEU,20,1300,Chullanka,Chullanka:Chullanka
CLIMB ON RECONSTRUCTION BEAUME,20,1300,Chullanka,Chullanka:Chullanka
BOITE A EPICE GSI18,20,1300,Chullanka,Chullanka:Chullanka
BOL X PLIANT GREY NIC IMPEX,20,1400,Chullanka,Chullanka:Chullanka
BOL X PLIANT RED NIC IMPEX,20,1400,Chullanka,Chullanka:Chullanka
BOL X PLIANT PACIFIC NIC IMPEX,20,1400,Chullanka,Chullanka:Chullanka
POCHETTE 4 P - 3.7X 7 - 4 X 7,20,1400,Chullanka,Chullanka:Chullanka
OPSAK SET 3 PIECES  LOKSAK 18,20,1400,Chullanka,Chullanka:Chullanka
FRAMEWORK MINI TRUE,20,1400,Chullanka,Chullanka:Chullanka
TROLL BOOT BANANA,20,1499,Chullanka,Chullanka:Chullanka
CRIMP OIL EXTRA HOT 30ML,20,1500,Chullanka,Chullanka:Chullanka
FIXE  PENDENTIF PITON GRANDE,20,1500,Chullanka,Chullanka:Chullanka
EDELRID  TONGUES FLIPPERS  37,20,1500,Chullanka,Chullanka:Chullanka
EDELRID  TONGUES FLIPPERS  38,20,1500,Chullanka,Chullanka:Chullanka
EDELRID  TONGUES FLIPPERS  39,20,1500,Chullanka,Chullanka:Chullanka
EDELRID  TONGUES FLIPPERS  42,20,1500,Chullanka,Chullanka:Chullanka
EDELRID  TONGUES FLIPPERS  43,20,1500,Chullanka,Chullanka:Chullanka
EDELRID  TONGUES FLIPPERS  45,20,1500,Chullanka,Chullanka:Chullanka
LA SPORTIVA  *** TS LOGO WOMEN BERRY  XS,20,1500,Chullanka,Chullanka:Chullanka
LA SPORTIVA  *** TS LOGO WOMEN BERRY  S,20,1500,Chullanka,Chullanka:Chullanka
LA SPORTIVA  *** TS LOGO WOMEN BERRY  M,20,1500,Chullanka,Chullanka:Chullanka
LA SPORTIVA  *** TS LOGO WOMEN BERRY  L,20,1500,Chullanka,Chullanka:Chullanka
NOGRAD  DEBARDEUR MOUNTAIN GREY  XS,20,1500,Chullanka,Chullanka:Chullanka
NOGRAD  DEBARDEUR MOUNTAIN GREY  XL,20,1500,Chullanka,Chullanka:Chullanka
NOGRAD  DEBARDEUR MOUNTAIN GREY  L,20,1500,Chullanka,Chullanka:Chullanka
NOGRAD  DEBARDEUR MOUNTAIN GREY  S,20,1500,Chullanka,Chullanka:Chullanka
NOGRAD  DEBARDEUR MOUNTAIN GREY  M,20,1500,Chullanka,Chullanka:Chullanka
OREILLER GONFLABLE CHULLANKA,20,1500,Chullanka,Chullanka:Chullanka
CHULLANKA PILE RECHERGEABLE AAA,20,1600,Chullanka,Chullanka:Chullanka
FIXE  PENDENTIF BICOIN,20,1600,Chullanka,Chullanka:Chullanka
COMPLET TOOL 11 FONCTION CHULLANKA,20,1600,Chullanka,Chullanka:Chullanka
SMARTKNIFE TRUE,20,1600,Chullanka,Chullanka:Chullanka
VERRE A VIN  INOX GSI 18,20,1600,Chullanka,Chullanka:Chullanka
BEAL LONGE 40CM,20,1700,Chullanka,Chullanka:Chullanka
POCHETTE 4 P - 4X7 / 6X6 / 9X6,20,1700,Chullanka,Chullanka:Chullanka
CHAISE KAKI SIEL,20,1700,Chullanka,Chullanka:Chullanka
MAMMUT BOULDER CHALK ORANGE DARK,20,1800,Chullanka,Chullanka:Chullanka
E9  SAC A MAGNESIE FISCHIO (MIX COULEUR),20,1800,Chullanka,Chullanka:Chullanka
FAZA  BROSSE DREAMTIME,20,1800,Chullanka,Chullanka:Chullanka
VARIGRIP,20,1899,Chullanka,Chullanka:Chullanka
POMPE VELO MINI DUAL SILVER,20,1900,Chullanka,Chullanka:Chullanka
POPPY NOIR,20,1900,Chullanka,Chullanka:Chullanka
PARACORDE 17 PIECES,20,1900,Chullanka,Chullanka:Chullanka
PILES RECHARGEABLES LR03/AAA SORBO X4,20,1900,Chullanka,Chullanka:Chullanka
WASH BAG TOUR III DEUTER,20,1900,Chullanka,Chullanka:Chullanka
SACOCHE BOMB WETLAND,20,2000,Chullanka,Chullanka:Chullanka
SACOCHE BOMB CEDAR,20,2000,Chullanka,Chullanka:Chullanka
CRIMP OIL MUSCLE CAR 50ML,20,2000,Chullanka,Chullanka:Chullanka
BEAL LONGE 75CM,20,2000,Chullanka,Chullanka:Chullanka
CHULLANKA SAC MERCANTOUR 16L,20,2000,Chullanka,Chullanka:Chullanka
FIXE  PENDENTIF PIOLET,20,2000,Chullanka,Chullanka:Chullanka
FIXE  PENDENTIF PLAQUETTE+MOUSQUETON,20,2000,Chullanka,Chullanka:Chullanka
TENTE ASTER MONO TOIT SIEL,20,2000,Chullanka,Chullanka:Chullanka
CAPITOLA MEN DARK GREEN  39,20,2000,Chullanka,Chullanka:Chullanka
CAPITOLA MEN DARK GREEN  40,20,2000,Chullanka,Chullanka:Chullanka
CAPITOLA MEN DARK GREEN  41,20,2000,Chullanka,Chullanka:Chullanka
CAPITOLA MEN DARK GREEN  42,20,2000,Chullanka,Chullanka:Chullanka
CAPITOLA MEN DARK GREEN  43,20,2000,Chullanka,Chullanka:Chullanka
CAPITOLA MEN DARK GREEN  44,20,2000,Chullanka,Chullanka:Chullanka
CAPITOLA MEN DARK GREEN  45,20,2000,Chullanka,Chullanka:Chullanka
CAPITOLA MEN DARK GREEN  46,20,2000,Chullanka,Chullanka:Chullanka
HAMAC RANDO CHULLANKA ROUGE,20,2000,Chullanka,Chullanka:Chullanka
T SHIRT CLIMB ON CHULLANKA,20,2000,Chullanka,Chullanka:Chullanka
BEAL LONGE 40-75CM,20,2200,Chullanka,Chullanka:Chullanka
BEAL AIRFORCE BLUE ASSUREUR,20,2300,Chullanka,Chullanka:Chullanka
GRIVEL BOULDER CHALK BAG,20,2400,Chullanka,Chullanka:Chullanka
CHULLANKA SAC MERCANTOUR 22L,20,2400,Chullanka,Chullanka:Chullanka
LUCI COLOR LUDISPORT,20,2400,Chullanka,Chullanka:Chullanka
LUCI OURTDOOR LUDISPORT,20,2400,Chullanka,Chullanka:Chullanka
NOGRAD  TS STAY MAGIC GREY  S,20,2400,Chullanka,Chullanka:Chullanka
NOGRAD  TS STAY MAGIC GREY  XS,20,2400,Chullanka,Chullanka:Chullanka
NOGRAD  TS STAY MAGIC GREY  M,20,2400,Chullanka,Chullanka:Chullanka
NOGRAD  TS STAY MAGIC GREY  XL,20,2400,Chullanka,Chullanka:Chullanka
NOGRAD  TS STAY MAGIC GREY  L,20,2400,Chullanka,Chullanka:Chullanka
CHULLANKA DOME LIGHT RECHARGEABLE,20,2500,Chullanka,Chullanka:Chullanka
FIXE  BRACELET FLEUR EDELWEISS,20,2500,Chullanka,Chullanka:Chullanka
FIXE  BRACELET (HUIT EDELWEISS PITON ET MOUSQUETON),20,2500,Chullanka,Chullanka:Chullanka
EDELRID  ROPE BOWL,20,2500,Chullanka,Chullanka:Chullanka
E9  TS MC PING IRON  XS,20,2500,Chullanka,Chullanka:Chullanka
E9  TS MC PING IRON  S,20,2500,Chullanka,Chullanka:Chullanka
E9  TS MC PING IRON  M,20,2500,Chullanka,Chullanka:Chullanka
E9  TS MC PING IRON  L,20,2500,Chullanka,Chullanka:Chullanka
GANTS AIRMATIC 100% S NOIR,20,2500,Chullanka,Chullanka:Chullanka
GANTS AIRMATIC 100% M NOIR,20,2500,Chullanka,Chullanka:Chullanka
GANTS AIRMATIC 100% L NOIR,20,2500,Chullanka,Chullanka:Chullanka
GANTS AIRMATIC 100% XL NOIR,20,2500,Chullanka,Chullanka:Chullanka
GANTS AIRMATIC 100% S ORGE/NAVY,20,2500,Chullanka,Chullanka:Chullanka
GANTS AIRMATIC 100% M ORGE/NAVY,20,2500,Chullanka,Chullanka:Chullanka
GANTS AIRMATIC 100% L ORGE/NAVY,20,2500,Chullanka,Chullanka:Chullanka
GANTS AIRMATIC 100% XL ORGE/NAVY,20,2500,Chullanka,Chullanka:Chullanka
MASQUE VELO STRATA BEL AIR ECRAN BLANC,20,2500,Chullanka,Chullanka:Chullanka
TONGUE LADY SUN ISLAND NOIR E18 36,20,2500,Chullanka,Chullanka:Chullanka
TONGUE LADY SUN ISLAND NOIR E18 37,20,2500,Chullanka,Chullanka:Chullanka
TONGUE LADY SUN ISLAND NOIR E18 38,20,2500,Chullanka,Chullanka:Chullanka
TONGUE LADY SUN ISLAND NOIR E18 39,20,2500,Chullanka,Chullanka:Chullanka
TONGUE LADY SUN ISLAND NOIR E18 40,20,2500,Chullanka,Chullanka:Chullanka
TONGUE LADY SUN ISLAND NOIR E18 41,20,2500,Chullanka,Chullanka:Chullanka
TONGUE LADY SUN ISLAND NOIR E18 42,20,2500,Chullanka,Chullanka:Chullanka
PAILLE FILTRANTE LIFESTRAUW,20,2600,Chullanka,Chullanka:Chullanka
E9  TS FOREST BRICK  L,20,2700,Chullanka,Chullanka:Chullanka
E9  TS FOREST BRICK  XL,20,2700,Chullanka,Chullanka:Chullanka
E9  TS FOREST BRICK  XS,20,2700,Chullanka,Chullanka:Chullanka
E9  TS FOREST BRICK  S,20,2700,Chullanka,Chullanka:Chullanka
E9  TS FOREST BRICK  M,20,2700,Chullanka,Chullanka:Chullanka
E9  TS FOREST PISTACHIO  L,20,2700,Chullanka,Chullanka:Chullanka
E9  TS FOREST PISTACHIO  S,20,2700,Chullanka,Chullanka:Chullanka
E9  TS FOREST PISTACHIO  XL,20,2700,Chullanka,Chullanka:Chullanka
E9  TS FOREST PISTACHIO  M,20,2700,Chullanka,Chullanka:Chullanka
TEE SHIRT DURABLE ALOE BURTON L,20,2799,Chullanka,Chullanka:Chullanka
TEE SHIRT DURABLE ALOE BURTON M,20,2799,Chullanka,Chullanka:Chullanka
TEE SHIRT DURABLE ALOE BURTON S,20,2799,Chullanka,Chullanka:Chullanka
TEE SHIRT CLASSIC INDIGO BURTON S,20,2799,Chullanka,Chullanka:Chullanka
TEE SHIRT CLASSIC INDIGO BURTON M,20,2799,Chullanka,Chullanka:Chullanka
TEE SHIRT CLASSIC INDIGO BURTON L,20,2799,Chullanka,Chullanka:Chullanka
LIVRE HAUTE TERRE,20,2800,Chullanka,Chullanka:Chullanka
CHULLANKA LANTERNE ANTI MOUSTIQUE,20,2900,Chullanka,Chullanka:Chullanka
EDELRID  SAC A CORDE DRONE II JADE,20,2900,Chullanka,Chullanka:Chullanka
MILLET  SHORT LADY GRAVIT LIGHT TARMAC  36,20,2900,Chullanka,Chullanka:Chullanka
MILLET  SHORT LADY GRAVIT LIGHT TARMAC  38,20,2900,Chullanka,Chullanka:Chullanka
MILLET  SHORT LADY GRAVIT LIGHT TARMAC  42,20,2900,Chullanka,Chullanka:Chullanka
MILLET  SHORT LADY GRAVIT LIGHT HIBISCUS  36,20,2900,Chullanka,Chullanka:Chullanka
MILLET  SHORT LADY GRAVIT LIGHT HIBISCUS  38,20,2900,Chullanka,Chullanka:Chullanka
MILLET  SHORT LADY GRAVIT LIGHT HIBISCUS  40,20,2900,Chullanka,Chullanka:Chullanka
MILLET  SHORT LADY GRAVIT LIGHT HIBISCUS  42,20,2900,Chullanka,Chullanka:Chullanka
RECHAUD POCKET ROCKET,20,2900,Chullanka,Chullanka:Chullanka
BOUILLOIRE HALULITE 1L TEA GSI18,20,2900,Chullanka,Chullanka:Chullanka
BOUILLOIRE GLACIER STAINLESS1L TEA GSI18,20,2900,Chullanka,Chullanka:Chullanka
NESTING WINE GLASS SET  18,20,2900,Chullanka,Chullanka:Chullanka
LANTERNE RECHARGEABLE DOME LIGHT,20,2900,Chullanka,Chullanka:Chullanka
COUTEAU ALPIN SP1 ACIER - NOIR,20,2900,Chullanka,Chullanka:Chullanka
COUTEAU ALPIN SP1 TITANIUM BLACK - NOIR,20,2900,Chullanka,Chullanka:Chullanka
SLACKLINE JUMP GREEN 10M,20,3000,Chullanka,Chullanka:Chullanka
CAMP  *** HARNAIS ENERGY BLEU  S,20,3000,Chullanka,Chullanka:Chullanka
CAMP  *** HARNAIS ENERGY BLEU  M,20,3000,Chullanka,Chullanka:Chullanka
CAMP  *** HARNAIS ENERGY BLEU  L,20,3000,Chullanka,Chullanka:Chullanka
LA SPORTIVA  *** SW LOGO HOODY WOMEN  XS,20,3000,Chullanka,Chullanka:Chullanka
LA SPORTIVA  *** SW LOGO HOODY WOMEN  S,20,3000,Chullanka,Chullanka:Chullanka
LA SPORTIVA  *** SW LOGO HOODY WOMEN  M,20,3000,Chullanka,Chullanka:Chullanka
LA SPORTIVA  *** SW LOGO HOODY WOMEN  L,20,3000,Chullanka,Chullanka:Chullanka
E9  DEBARDEUR TELE OLIVE  M,20,3000,Chullanka,Chullanka:Chullanka
E9  DEBARDEUR TELE OLIVE  S,20,3000,Chullanka,Chullanka:Chullanka
E9  DEBARDEUR TELE OLIVE  XS,20,3000,Chullanka,Chullanka:Chullanka
TEE SHIRT UNDERHILLE NOIRE BURTON S,20,3000,Chullanka,Chullanka:Chullanka
TEE SHIRT UNDERHILLE NOIRE BURTON M,20,3000,Chullanka,Chullanka:Chullanka
TEE SHIRT UNDERHILLE NOIRE BURTON L,20,3000,Chullanka,Chullanka:Chullanka
TEE SHIRT UNDERHILLE BLEU BURTON S,20,3000,Chullanka,Chullanka:Chullanka
TEE SHIRT UNDERHILLE BLEU BURTON M,20,3000,Chullanka,Chullanka:Chullanka
TEE SHIRT UNDERHILLE BLEU BURTON L,20,3000,Chullanka,Chullanka:Chullanka
TEE SHIRT RALLEYE TANDORI BURTON S,20,3000,Chullanka,Chullanka:Chullanka
TEE SHIRT RALLEYE TANDORI BURTON M,20,3000,Chullanka,Chullanka:Chullanka
TEE SHIRT RALLEYE TANDORI BURTON L,20,3000,Chullanka,Chullanka:Chullanka
CASQUETTE UNDERHILL INDIGO BURTON,20,3000,Chullanka,Chullanka:Chullanka
M'S WAVEFARER BOARD SHORTS - 21 IN PATAGONIA,20,3000,Chullanka,Chullanka:Chullanka
M'S SCALLOP HEM WAVEFARER BOARD SHORTS PATAGONIA,20,3000,Chullanka,Chullanka:Chullanka
M'S PATCH POCKET WAVEFARER BOARD SHORTS PATAGONIA,20,3000,Chullanka,Chullanka:Chullanka
M'S LIGHT AND VARIABLE BOARD SHORTS PATAGONIA,20,3000,Chullanka,Chullanka:Chullanka
SHORT CLIMB ON CHULLANKA,20,3000,Chullanka,Chullanka:Chullanka
TOPO V4 ESCALADE,20,3300,Chullanka,Chullanka:Chullanka
SLACK LINE SIMOND 25M,20,3400,Chullanka,Chullanka:Chullanka
CASQUETTE BUCKWEED INDIGO BURTON,20,3400,Chullanka,Chullanka:Chullanka
POPT HALULITE 1 1L BOILER GSI18,20,3400,Chullanka,Chullanka:Chullanka
POPOT GLACIER INOX MINI GSI18,20,3400,Chullanka,Chullanka:Chullanka
ESCAPER BEAL,20,3500,Chullanka,Chullanka:Chullanka
E9  DEBARDEUR NOA LIME  M,20,3500,Chullanka,Chullanka:Chullanka
E9  DEBARDEUR NOA LIME  XS,20,3500,Chullanka,Chullanka:Chullanka
E9  DEBARDEUR NOA LIME  S,20,3500,Chullanka,Chullanka:Chullanka
E9  DEBARDEUR NOA WINE  L,20,3500,Chullanka,Chullanka:Chullanka
E9  DEBARDEUR NOA WINE  M,20,3500,Chullanka,Chullanka:Chullanka
E9  DEBARDEUR NOA WINE  S,20,3500,Chullanka,Chullanka:Chullanka
E9  DEBARDEUR NOA WINE  XS,20,3500,Chullanka,Chullanka:Chullanka
CASQUE VELO ALL IN NR BLEU S/M,20,3500,Chullanka,Chullanka:Chullanka
CASQUE VELO ALL IN NR BLEU L/XL,20,3500,Chullanka,Chullanka:Chullanka
CASQUE VELO ALL IN NR ORANGE S/M,20,3500,Chullanka,Chullanka:Chullanka
CASQUE VELO ALL IN NR ORANGE L/XL,20,3500,Chullanka,Chullanka:Chullanka
CASQUE VELO ALL IN NR VERT VIOLET S/M,20,3500,Chullanka,Chullanka:Chullanka
CASQUE VELO ALL IN NR VERT VIOLET L/XL,20,3500,Chullanka,Chullanka:Chullanka
CASQUE VELO ALL IN NR ORGE S/M,20,3500,Chullanka,Chullanka:Chullanka
CASQUE VELO ALL IN NR ORGE L/XL,20,3500,Chullanka,Chullanka:Chullanka
CASQUE VELO ALL IN NR NOIR S/M,20,3500,Chullanka,Chullanka:Chullanka
CASQUE VELO ALL IN NR NOIR L/XL,20,3500,Chullanka,Chullanka:Chullanka
SLACKLINE CHILI YELLOW 15M,20,3600,Chullanka,Chullanka:Chullanka
SLACKLINE CHILI BLUE 15M,20,3600,Chullanka,Chullanka:Chullanka
OCUN  KESTREL PACK 5+1,20,3700,Chullanka,Chullanka:Chullanka
ROCK RING 3D BLUE,20,3800,Chullanka,Chullanka:Chullanka
EDELRID  HARNAIS JAYNE II  XS,20,3800,Chullanka,Chullanka:Chullanka
EDELRID  HARNAIS JAYNE II  S,20,3800,Chullanka,Chullanka:Chullanka
EDELRID  HARNAIS JAYNE II  M,20,3800,Chullanka,Chullanka:Chullanka
MAMMUT  HARNAIS OPHIR WOMEN  XS,20,3900,Chullanka,Chullanka:Chullanka
MAMMUT  HARNAIS OPHIR WOMEN  S,20,3900,Chullanka,Chullanka:Chullanka
MAMMUT  HARNAIS OPHIR WOMEN  M,20,3900,Chullanka,Chullanka:Chullanka
FRONTALE SPOT BLACK DIAMOND,20,3900,Chullanka,Chullanka:Chullanka
POPT HALULITE 2L POT GSI18,20,3900,Chullanka,Chullanka:Chullanka
CHULLANKA DUFFLE 40L NOIR,20,4000,Chullanka,Chullanka:Chullanka
LUNETTE BUSHNELLCINETIK SHINY VARIO BLACK YELLOW,20,4000,Chullanka,Chullanka:Chullanka
MILLET  EASY UP MILLET  38,20,4000,Chullanka,Chullanka:Chullanka
MILLET  EASY UP MILLET  38.5,20,4000,Chullanka,Chullanka:Chullanka
X POT SMALL 1 4 ORANGE NIX IMPEX,20,4000,Chullanka,Chullanka:Chullanka
TEE SHIRT MOUTAIN JACK NOIR BURTON L,20,4499,Chullanka,Chullanka:Chullanka
TEE SHIRT MOUTAIN JACK NOIR BURTON M,20,4499,Chullanka,Chullanka:Chullanka
TEE SHIRT MOUTAIN JACK NOIR BURTON S,20,4499,Chullanka,Chullanka:Chullanka
TEE SHIRT FOX PEAK INDIGO BURTON M,20,4499,Chullanka,Chullanka:Chullanka
TEE SHIRT FOX PEAK INDIGO BURTON L,20,4499,Chullanka,Chullanka:Chullanka
TEE SHIRT FOX PEAK INDIGO BURTON S,20,4499,Chullanka,Chullanka:Chullanka
YY VERTICAL  LUNETTES PRISME PLASFUN NOIR,20,4500,Chullanka,Chullanka:Chullanka
YY VERTICAL  LUNETTES PRISME PLASFUN BLEU,20,4500,Chullanka,Chullanka:Chullanka
PETZL  SELENA PETZL  L,20,4500,Chullanka,Chullanka:Chullanka
PETZL  SELENA PETZL  M,20,4500,Chullanka,Chullanka:Chullanka
PETZL  SELENA PETZL  S,20,4500,Chullanka,Chullanka:Chullanka
MAMMUT  *** HARNAIS OPHIR SPEEDFIT  S,20,4500,Chullanka,Chullanka:Chullanka
MAMMUT  *** HARNAIS OPHIR SPEEDFIT  M,20,4500,Chullanka,Chullanka:Chullanka
MAMMUT  *** HARNAIS OPHIR SPEEDFIT  L,20,4500,Chullanka,Chullanka:Chullanka
NOGRAD  SHORT SAHEL BRICK  XS,20,4500,Chullanka,Chullanka:Chullanka
NOGRAD  SHORT SAHEL BRICK  S,20,4500,Chullanka,Chullanka:Chullanka
NOGRAD  SHORT SAHEL BRICK  M,20,4500,Chullanka,Chullanka:Chullanka
NOGRAD  SHORT SAHEL BRICK  L,20,4500,Chullanka,Chullanka:Chullanka
NOGRAD  SHORT SAHEL BRICK  XL,20,4500,Chullanka,Chullanka:Chullanka
NOGRAD  SHORT SAHEL GREY  XS,20,4500,Chullanka,Chullanka:Chullanka
NOGRAD  SHORT SAHEL GREY  S,20,4500,Chullanka,Chullanka:Chullanka
NOGRAD  SHORT SAHEL GREY  M,20,4500,Chullanka,Chullanka:Chullanka
NOGRAD  SHORT SAHEL GREY  L,20,4500,Chullanka,Chullanka:Chullanka
NOGRAD  SHORT SAHEL GREY  XL,20,4500,Chullanka,Chullanka:Chullanka
LIVRE PREMIER DE CORDEE GUERIN,20,4500,Chullanka,Chullanka:Chullanka
FILTRE FLASQUE BE FREE 0 6L KATADYN,20,4500,Chullanka,Chullanka:Chullanka
HAMAC KATADYN SIMPLE,20,4500,Chullanka,Chullanka:Chullanka
CHULLANKA DUFFLE 80L NOIR,20,4800,Chullanka,Chullanka:Chullanka
SLACKLINE ARTIST RED 25M,20,4900,Chullanka,Chullanka:Chullanka
BLACK DIAMOND  MOMENTUM DS BD  2,20,4900,Chullanka,Chullanka:Chullanka
SELLE VELO BEL AIR ACIER,20,4900,Chullanka,Chullanka:Chullanka
COK IP CX-A32 ARMOR X,20,4900,Chullanka,Chullanka:Chullanka
YY VERTICAL  LUNETTES PRISME Y&Y,20,5000,Chullanka,Chullanka:Chullanka
LA SPORTIVA  *** SH RAMP WOMEN CARBON / BERRY  XS,20,5000,Chullanka,Chullanka:Chullanka
LA SPORTIVA  *** SH RAMP WOMEN CARBON / BERRY  S,20,5000,Chullanka,Chullanka:Chullanka
LA SPORTIVA  *** SH RAMP WOMEN CARBON / BERRY  M,20,5000,Chullanka,Chullanka:Chullanka
LA SPORTIVA  *** SH RAMP WOMEN CARBON / BERRY  L,20,5000,Chullanka,Chullanka:Chullanka
ANDREA BOLDRINI  PANTERA LIGHT +  35,20,5200,Chullanka,Chullanka:Chullanka
ANDREA BOLDRINI  PANTERA LIGHT +  36,20,5200,Chullanka,Chullanka:Chullanka
ANDREA BOLDRINI  PANTERA LIGHT +  37,20,5200,Chullanka,Chullanka:Chullanka
ANDREA BOLDRINI  PANTERA LIGHT +  37.5,20,5200,Chullanka,Chullanka:Chullanka
ANDREA BOLDRINI  PANTERA LIGHT +  38,20,5200,Chullanka,Chullanka:Chullanka
ANDREA BOLDRINI  PANTERA LIGHT +  38.5,20,5200,Chullanka,Chullanka:Chullanka
ANDREA BOLDRINI  PANTERA LIGHT +  39,20,5200,Chullanka,Chullanka:Chullanka
ANDREA BOLDRINI  PANTERA LIGHT +  39.5,20,5200,Chullanka,Chullanka:Chullanka
ANDREA BOLDRINI  PANTERA LIGHT +  40,20,5200,Chullanka,Chullanka:Chullanka
ANDREA BOLDRINI  PANTERA LIGHT +  40.5,20,5200,Chullanka,Chullanka:Chullanka
ANDREA BOLDRINI  PANTERA LIGHT +  41,20,5200,Chullanka,Chullanka:Chullanka
ANDREA BOLDRINI  PANTERA LIGHT +  41.5,20,5200,Chullanka,Chullanka:Chullanka
ANDREA BOLDRINI  PANTERA LIGHT +  42,20,5200,Chullanka,Chullanka:Chullanka
ANDREA BOLDRINI  PANTERA LIGHT +  42.5,20,5200,Chullanka,Chullanka:Chullanka
ANDREA BOLDRINI  PANTERA LIGHT +  43,20,5200,Chullanka,Chullanka:Chullanka
ANDREA BOLDRINI  PANTERA LIGHT +  43.5,20,5200,Chullanka,Chullanka:Chullanka
ANDREA BOLDRINI  PANTERA LIGHT +  44,20,5200,Chullanka,Chullanka:Chullanka
ANDREA BOLDRINI  PANTERA LIGHT +  44.5,20,5200,Chullanka,Chullanka:Chullanka
ANDREA BOLDRINI  PANTERA LIGHT +  45,20,5200,Chullanka,Chullanka:Chullanka
AMWERAR BETA STICK STANDARD,20,5300,Chullanka,Chullanka:Chullanka
YY VERTICAL  LUNETTES PRISME COLOR ROUGE Y&Y,20,5500,Chullanka,Chullanka:Chullanka
YY VERTICAL  LUNETTES PRISME COLOR VERT Y&Y,20,5500,Chullanka,Chullanka:Chullanka
E9  PANT GIANNA STORY PURPLE  XS,20,5500,Chullanka,Chullanka:Chullanka
E9  PANT GIANNA STORY PURPLE  S,20,5500,Chullanka,Chullanka:Chullanka
E9  PANT GIANNA STORY PURPLE  M,20,5500,Chullanka,Chullanka:Chullanka
E9  PANT GIANNA STORY PURPLE  L,20,5500,Chullanka,Chullanka:Chullanka
E9  PANT ANDREA IRON  XS,20,5500,Chullanka,Chullanka:Chullanka
E9  PANT ANDREA IRON  S,20,5500,Chullanka,Chullanka:Chullanka
E9  PANT ANDREA IRON  M,20,5500,Chullanka,Chullanka:Chullanka
E9  PANT ANDREA IRON  L,20,5500,Chullanka,Chullanka:Chullanka
NOGRAD  SHORT YANIRO DENIM  XS,20,5500,Chullanka,Chullanka:Chullanka
NOGRAD  SHORT YANIRO DENIM  S,20,5500,Chullanka,Chullanka:Chullanka
NOGRAD  SHORT YANIRO DENIM  M,20,5500,Chullanka,Chullanka:Chullanka
NOGRAD  SHORT YANIRO DENIM  L,20,5500,Chullanka,Chullanka:Chullanka
NOGRAD  SHORT YANIRO DENIM  XL,20,5500,Chullanka,Chullanka:Chullanka
NOGRAD  SHORT YANIRO PAILLE  XS,20,5500,Chullanka,Chullanka:Chullanka
NOGRAD  SHORT YANIRO PAILLE  S,20,5500,Chullanka,Chullanka:Chullanka
NOGRAD  SHORT YANIRO PAILLE  M,20,5500,Chullanka,Chullanka:Chullanka
NOGRAD  SHORT YANIRO PAILLE  L,20,5500,Chullanka,Chullanka:Chullanka
NOGRAD  SHORT YANIRO PAILLE  XL,20,5500,Chullanka,Chullanka:Chullanka
NOGRAD  SHORT YANIRO BRICK  XS,20,5500,Chullanka,Chullanka:Chullanka
NOGRAD  SHORT YANIRO BRICK  S,20,5500,Chullanka,Chullanka:Chullanka
NOGRAD  SHORT YANIRO BRICK  M,20,5500,Chullanka,Chullanka:Chullanka
NOGRAD  SHORT YANIRO BRICK  L,20,5500,Chullanka,Chullanka:Chullanka
NOGRAD  SHORT YANIRO BRICK  XL,20,5500,Chullanka,Chullanka:Chullanka
NOGRAD  SHORT YANIRO ANIS  XS,20,5500,Chullanka,Chullanka:Chullanka
NOGRAD  SHORT YANIRO ANIS  S,20,5500,Chullanka,Chullanka:Chullanka
NOGRAD  SHORT YANIRO ANIS  M,20,5500,Chullanka,Chullanka:Chullanka
NOGRAD  SHORT YANIRO ANIS  L,20,5500,Chullanka,Chullanka:Chullanka
NOGRAD  SHORT YANIRO ANIS  XL,20,5500,Chullanka,Chullanka:Chullanka
HAMAC KATADYN DOUBLE,20,5500,Chullanka,Chullanka:Chullanka
MAMMUT  *** 5ER PACK CRAG INDICATOR EXPRESS,20,5600,Chullanka,Chullanka:Chullanka
SHORT CREEKSIDE CANYON BURTON 32,20,5900,Chullanka,Chullanka:Chullanka
SHORT CREEKSIDE CLOVER BURTON 30,20,5900,Chullanka,Chullanka:Chullanka
SHORT CREEKSIDE CLOVER BURTON 34,20,5900,Chullanka,Chullanka:Chullanka
SWEAT VISTACREW GRIS BURTON S,20,5999,Chullanka,Chullanka:Chullanka
SWEAT VISTACREW GRIS BURTON M,20,5999,Chullanka,Chullanka:Chullanka
SWEAT VISTACREW GRIS BURTON L,20,5999,Chullanka,Chullanka:Chullanka
SWEAT VAULTCRAW BLEU BURTON S,20,5999,Chullanka,Chullanka:Chullanka
SWEAT VAULTCRAW BLEU BURTON M,20,5999,Chullanka,Chullanka:Chullanka
SWEAT VAULTCRAW BLEU BURTON L,20,5999,Chullanka,Chullanka:Chullanka
LUNETTE BUSHNELL SESSION BLACK MAT,20,6000,Chullanka,Chullanka:Chullanka
LUNETTE BUSHNELL SESSION RED MAT,20,6000,Chullanka,Chullanka:Chullanka
NOGRAD  PANT YANIRO EMERAUDE  XS,20,6200,Chullanka,Chullanka:Chullanka
NOGRAD  PANT YANIRO EMERAUDE  S,20,6200,Chullanka,Chullanka:Chullanka
NOGRAD  PANT YANIRO EMERAUDE  M,20,6200,Chullanka,Chullanka:Chullanka
NOGRAD  PANT YANIRO EMERAUDE  L,20,6200,Chullanka,Chullanka:Chullanka
NOGRAD  PANT SAHEL ANIS  XS,20,6200,Chullanka,Chullanka:Chullanka
NOGRAD  PANT SAHEL ANIS  S,20,6200,Chullanka,Chullanka:Chullanka
NOGRAD  PANT SAHEL ANIS  M,20,6200,Chullanka,Chullanka:Chullanka
NOGRAD  PANT SAHEL ANIS  L,20,6200,Chullanka,Chullanka:Chullanka
NOGRAD  PANT SAHEL ANIS  XL,20,6200,Chullanka,Chullanka:Chullanka
NOGRAD  PANT YANIRO DENIM  XS,20,6200,Chullanka,Chullanka:Chullanka
NOGRAD  PANT YANIRO DENIM  S,20,6200,Chullanka,Chullanka:Chullanka
NOGRAD  PANT YANIRO DENIM  M,20,6200,Chullanka,Chullanka:Chullanka
NOGRAD  PANT YANIRO DENIM  L,20,6200,Chullanka,Chullanka:Chullanka
NOGRAD  PANT YANIRO DENIM  XL,20,6200,Chullanka,Chullanka:Chullanka
CHULLANKA DUFFLE 120L NOIR,20,6400,Chullanka,Chullanka:Chullanka
TENTE HYMALAYA 4000 TRIGANO,20,6400,Chullanka,Chullanka:Chullanka
SWEAT UNDERHILL NOIR BURTON S,20,6499,Chullanka,Chullanka:Chullanka
SWEAT UNDERHILL NOIR BURTON M,20,6499,Chullanka,Chullanka:Chullanka
SWEAT UNDERHILL NOIR BURTON L,20,6499,Chullanka,Chullanka:Chullanka
SCARPA  FURIA  44,20,6900,Chullanka,Chullanka:Chullanka
SCARPA  FURIA  44.5,20,6900,Chullanka,Chullanka:Chullanka
SCARPA  FURIA  45,20,6900,Chullanka,Chullanka:Chullanka
FIVE TEN  HIANGLE WOMAN - 35  35,20,6900,Chullanka,Chullanka:Chullanka
FIVE TEN  HIANGLE WOMAN - 36  36,20,6900,Chullanka,Chullanka:Chullanka
FIVE TEN  HIANGLE WOMAN - 37  37,20,6900,Chullanka,Chullanka:Chullanka
FIVE TEN  HIANGLE WOMAN - 37.5   37.5,20,6900,Chullanka,Chullanka:Chullanka
FIVE TEN  HIANGLE WOMAN - 38  38,20,6900,Chullanka,Chullanka:Chullanka
FIVE TEN  HIANGLE WOMAN - 39  39,20,6900,Chullanka,Chullanka:Chullanka
NOGRAD  PANT TORNADO DENIM  XS,20,6900,Chullanka,Chullanka:Chullanka
NOGRAD  PANT TORNADO DENIM  S,20,6900,Chullanka,Chullanka:Chullanka
NOGRAD  PANT TORNADO DENIM  M,20,6900,Chullanka,Chullanka:Chullanka
NOGRAD  PANT TORNADO DENIM  L,20,6900,Chullanka,Chullanka:Chullanka
POPT HALULITE MICRODUALIST GSI18,20,6900,Chullanka,Chullanka:Chullanka
VESTE OAK GRIS BURTON L,20,6999,Chullanka,Chullanka:Chullanka
VESTE OAK GRIS BURTON M,20,6999,Chullanka,Chullanka:Chullanka
VESTE OAK GRIS  BURTON S,20,6999,Chullanka,Chullanka:Chullanka
VESTE OAK FULL ZIP LADY  BURTON S,20,6999,Chullanka,Chullanka:Chullanka
VESTE OAK FULL ZIP LADYV BURTON M,20,6999,Chullanka,Chullanka:Chullanka
VESTE OAK FULL ZIP LADY  BURTON XS,20,6999,Chullanka,Chullanka:Chullanka
SHORT MOXIE SAFARI PE18  BURTON 32,20,6999,Chullanka,Chullanka:Chullanka
SHORT MOXIE SAFARI PE18 BURTON 30,20,6999,Chullanka,Chullanka:Chullanka
SHORT MOXIE INDIGO BURTON 30,20,6999,Chullanka,Chullanka:Chullanka
SHORT MOXIE INDIGO BURTON 32,20,6999,Chullanka,Chullanka:Chullanka
SHORT MOXIE INDIGO BURTON 34,20,6999,Chullanka,Chullanka:Chullanka
LUNETTE BUSHNELL JORASSE TURQUOISE BLUE LIME,20,7000,Chullanka,Chullanka:Chullanka
CLIMBING TECHNOLOGY  PACK 5 NIMBLE EVO PRO FIXBAR 12CM,20,7000,Chullanka,Chullanka:Chullanka
PANTALON RIDGE SAFARI 30 BURTON,20,7900,Chullanka,Chullanka:Chullanka
PANTALON RIDGE SAFARI 31 BURTON,20,7900,Chullanka,Chullanka:Chullanka
PANTALON RIDGE SAFARI 32 BURTON,20,7900,Chullanka,Chullanka:Chullanka
PANTALON RIDGE SAFARI 33 BURTON,20,7900,Chullanka,Chullanka:Chullanka
PANTALON RIDGE SAFARI 34 BURTON,20,7900,Chullanka,Chullanka:Chullanka
LA SPORTIVA  SOLUTION LA SPORTIVA  43.5,20,8000,Chullanka,Chullanka:Chullanka
LA SPORTIVA  KATANA LA SPORTIVA  43.5,20,8000,Chullanka,Chullanka:Chullanka
SALEWA  VAYU YELLOW  S/M,20,8400,Chullanka,Chullanka:Chullanka
SALEWA  VAYU YELLOW  L/XL,20,8400,Chullanka,Chullanka:Chullanka
SALEWA  VAYU WHITE  L/XL,20,8400,Chullanka,Chullanka:Chullanka
FURNACE PIOLET D ENTRAINEMENT CUIR,20,9000,Chullanka,Chullanka:Chullanka
GRIVEL  SAD HAUL PACK 25,20,9000,Chullanka,Chullanka:Chullanka
VESTE CROWN BONDED DENIM BURTON M,20,10499,Chullanka,Chullanka:Chullanka
VESTE CROWN BONDED DENIM BURTON L,20,10499,Chullanka,Chullanka:Chullanka
VESTE CROWN BONDED DENIM BURTON S,20,10499,Chullanka,Chullanka:Chullanka
EOLIENNE TAOD WIND TURBINE INFINITY AIR,20,12000,Chullanka,Chullanka:Chullanka
WOOD GRIP DELUXE TRAINING BOARD,20,12499,Chullanka,Chullanka:Chullanka
PETZL  SITTA  M,20,13000,Chullanka,Chullanka:Chullanka
PETZL  SITTA  L,20,13000,Chullanka,Chullanka:Chullanka
EDELWEISS CORDE UNICORE ROCK LITE 9 8mmx80m,20,13500,Chullanka,Chullanka:Chullanka
GREGORY SAC A DOS NAVY 65L,20,14200,Chullanka,Chullanka:Chullanka
OSPREY STRATOS 34L,20,14900,Chullanka,Chullanka:Chullanka
VESTE NIGHTCRAWLER SAFARI  BURTON M,20,14999,Chullanka,Chullanka:Chullanka
VESTE NIGHTCRAWLER SAFARI BURTON L,20,14999,Chullanka,Chullanka:Chullanka
VESTE NIGHTCRAWLER KAKI BURTON M,20,14999,Chullanka,Chullanka:Chullanka
VESTE NIGHTCRAWLER KAKI BURTON S,20,14999,Chullanka,Chullanka:Chullanka
VESTE NIGHTCRAWLER KAKI BURTON L,20,14999,Chullanka,Chullanka:Chullanka
CRASH PAD DOMINATOR OCUN,20,21900,Chullanka,Chullanka:Chullanka
VELO SLAYER 730 MSL ROCKY MOUNTAIN,20,2999,Chullanka,Chullanka:Chullanka
OHM EDELRID,20,9900,Chullanka,Chullanka:Chullanka
ASSUREUR GRIGRI PETZL,20,6900,Chullanka,Chullanka:Chullanka
JEU DE CAMALOT FRIEND BLACK DIAMOND ( N° 0 3/0 4/0 5/0 75/1/2/3),20,33600,Chullanka,Chullanka:Chullanka
MOUSQUETON CONCEPT SGL CLIMBING TECHNOLOGY,20,1300,Chullanka,Chullanka:Chullanka
